URL,Page Type,Target City,Primary Keyword,Secondary Keywords,Long-Tail Keywords,Search Intent,Title Tag Score,Content Score,Schema Score,Internal Linking Score,Local Relevance Score,GBP Alignment Score,Page Speed Score,Mobile Score,AEO Score,GEO Score,Technical SEO Score,EEAT Score,Conversion Score,Priority,Recommended Actions
/,homepage,Treasure Valley,Boise Remodeling Contractor,Design-Build Remodeling Boise; Home Remodeling Treasure Valley; Remodeling Company Boise,best design-build remodeling contractor in Boise Idaho; kitchen and bathroom remodeling company Treasure Valley,Commercial / Brand,6,8,7,8,7,3,8,8,7,6,9,4,9,Critical,"Retitle to ""Remodeling Contractor Boise ID | Design-Build | Boise Remodeling Co""; add aggregateRating once reviews exist; add founder Person to schema; link GBP in sameAs"
/about,static,Treasure Valley,About Boise Remodeling Co,,,Brand / Trust,8,6,7,6,6,3,8,8,6,5,9,3,7,Critical,"Add founder (Jared Brost) bio + photo, team section, license/insurance specifics, year-by-year history; this page gates sitewide EEAT"
/areas,static,Treasure Valley,Remodeling Service Areas Treasure Valley,,,Commercial / Local,8,6,7,6,7,3,8,8,6,5,9,4,7,Medium,"Add county grouping, ZIP coverage, and a service-area map embed consistent with GBP service area"
/contact,static,Treasure Valley,Contact Remodeling Contractor Boise,,,Transactional,8,6,7,6,6,3,8,8,6,5,9,4,9,Medium,Add GBP link once verified; surface hours matching schema; keep NAP exact-match with GBP
/testimonials,static,Treasure Valley,Boise Remodeling Co Reviews,,,Commercial Investigation,8,5,8,6,6,3,8,8,6,5,9,5,7,High,"Only 4 undated testimonials; add dates, cities, project types; embed Google reviews once GBP is live; activates aggregateRating"
/blog,static,Treasure Valley,Remodeling Blog Boise,,,Navigational,8,6,7,6,6,3,8,8,6,5,9,4,7,Low,Adequate index; add hub descriptions
/guides,static,Treasure Valley,Boise Remodeling Guides,,,Navigational,8,6,7,6,6,3,8,8,6,5,9,4,7,Low,Adequate index
/resources,static,Treasure Valley,Remodeling Planning Resources Boise,,,Informational,8,6,7,6,6,3,8,8,6,5,9,4,7,Low,Adequate; add more downloadable resources over time
/resources/ada-canyon-permit-flow,static,Treasure Valley,Ada County vs Canyon County Remodeling Permits,,,Informational / Local,8,7,7,6,8,3,8,8,7,7,9,4,7,Medium,Strong local asset; add current fee schedules + review timelines with dates; most citation-worthy page on site
/privacy-policy,static,Treasure Valley,n/a,,,Legal,8,6,7,6,3,3,8,8,2,2,9,4,3,Low,No action
/terms-of-service,static,Treasure Valley,n/a,,,Legal,8,6,7,6,3,3,8,8,2,2,9,4,3,Low,No action
/services/kitchen-remodel,service,Treasure Valley,Kitchen Remodeling Boise,Kitchen Remodel Contractor Treasure Valley; Kitchen Remodel Company Boise; Kitchen Remodeling Idaho,how much does a kitchen remodel cost in Boise; best kitchen remodel contractor Treasure Valley,Commercial,8,6,7,8,6,3,8,8,6,6,9,4,8,High,Expand to 600+ words with cost ranges and a comparison table; grow FAQs from 3 to 8; embed city-tagged proof; add direct-answer block
/services/bathroom-remodel,service,Treasure Valley,Bathroom Remodeling Boise,Bathroom Remodel Contractor Treasure Valley; Bathroom Remodel Company Boise; Bathroom Remodeling Idaho,how much does a bathroom remodel cost in Boise; best bathroom remodel contractor Treasure Valley,Commercial,8,6,7,8,6,3,8,8,6,6,9,4,8,High,Expand to 600+ words with cost ranges and a comparison table; grow FAQs from 3 to 8; embed city-tagged proof; add direct-answer block
/services/whole-home-remodel,service,Treasure Valley,Whole-Home Remodeling Boise,Whole-Home Remodel Contractor Treasure Valley; Whole-Home Remodel Company Boise; Whole-Home Remodeling Idaho,how much does a whole-home remodel cost in Boise; best whole-home remodel contractor Treasure Valley,Commercial,8,6,7,8,6,3,8,8,6,6,9,4,8,High,Expand to 600+ words with cost ranges and a comparison table; grow FAQs from 3 to 8; embed city-tagged proof; add direct-answer block
/services/room-addition,service,Treasure Valley,Room Addition Boise,Room Addition Contractor Treasure Valley; Room Addition Company Boise; Room Addition Idaho,how much does a room addition cost in Boise; best room addition contractor Treasure Valley,Commercial,8,6,7,8,6,3,8,8,6,6,9,4,8,High,Expand to 600+ words with cost ranges and a comparison table; grow FAQs from 3 to 8; embed city-tagged proof; add direct-answer block
/services/adu,service,Treasure Valley,ADU Builder Boise,ADU / Guest House Contractor Treasure Valley; ADU / Guest House Company Boise; ADU Builder Idaho,how much does a adu / guest house cost in Boise; best adu / guest house contractor Treasure Valley,Commercial,8,6,7,8,6,3,8,8,6,6,9,4,8,Critical,"Build ADU pillar guide (Boise ordinance, costs, types); expand page to 800+ words; add cost table, 8+ FAQs; embed proof"
/areas/boise,area,Boise,Remodeling Contractor Boise,Home Remodeling Boise Idaho; Boise Remodeling Company; Kitchen Remodel Boise,best home remodeling contractor in Boise Idaho; who remodels homes in Boise,Commercial / Local,8,5,7,8,7,3,8,8,6,5,9,5,7,High,"Deepen Boise page: housing-stock detail by neighborhood, ZIP coverage list, recent project narrative, city-specific cost note"
/areas/meridian,area,Meridian,Remodeling Contractor Meridian,Home Remodeling Meridian Idaho; Meridian Remodeling Company; Kitchen Remodel Meridian,best home remodeling contractor in Meridian Idaho; who remodels homes in Meridian,Commercial / Local,8,5,7,8,7,3,8,8,6,5,9,5,7,High,"Deepen Meridian page: housing-stock detail by neighborhood, ZIP coverage list, recent project narrative, city-specific cost note"
/areas/eagle,area,Eagle,Remodeling Contractor Eagle,Home Remodeling Eagle Idaho; Eagle Remodeling Company; Kitchen Remodel Eagle,best home remodeling contractor in Eagle Idaho; who remodels homes in Eagle,Commercial / Local,8,5,7,8,7,3,8,8,6,5,9,5,7,High,"Deepen Eagle page: housing-stock detail by neighborhood, ZIP coverage list, recent project narrative, city-specific cost note"
/areas/nampa,area,Nampa,Remodeling Contractor Nampa,Home Remodeling Nampa Idaho; Nampa Remodeling Company; Kitchen Remodel Nampa,best home remodeling contractor in Nampa Idaho; who remodels homes in Nampa,Commercial / Local,8,5,7,8,7,3,8,8,6,5,9,5,7,High,"Deepen Nampa page: housing-stock detail by neighborhood, ZIP coverage list, recent project narrative, city-specific cost note"
/areas/kuna,area,Kuna,Remodeling Contractor Kuna,Home Remodeling Kuna Idaho; Kuna Remodeling Company; Kitchen Remodel Kuna,best home remodeling contractor in Kuna Idaho; who remodels homes in Kuna,Commercial / Local,8,5,7,8,7,3,8,8,6,5,9,4,7,High,Deepen Kuna page AND collect Kuna-tagged testimonial/project (currently zero local proof); add housing-stock and ZIP detail
/areas/star,area,Star,Remodeling Contractor Star,Home Remodeling Star Idaho; Star Remodeling Company; Kitchen Remodel Star,best home remodeling contractor in Star Idaho; who remodels homes in Star,Commercial / Local,8,5,7,8,7,3,8,8,6,5,9,4,7,High,Deepen Star page AND collect Star-tagged testimonial/project (currently zero local proof); add housing-stock and ZIP detail
/areas/middleton,area,Middleton,Remodeling Contractor Middleton,Home Remodeling Middleton Idaho; Middleton Remodeling Company; Kitchen Remodel Middleton,best home remodeling contractor in Middleton Idaho; who remodels homes in Middleton,Commercial / Local,8,5,7,8,7,3,8,8,6,5,9,4,7,High,Deepen Middleton page AND collect Middleton-tagged testimonial/project (currently zero local proof); add housing-stock and ZIP detail
/areas/caldwell,area,Caldwell,Remodeling Contractor Caldwell,Home Remodeling Caldwell Idaho; Caldwell Remodeling Company; Kitchen Remodel Caldwell,best home remodeling contractor in Caldwell Idaho; who remodels homes in Caldwell,Commercial / Local,8,5,7,8,7,3,8,8,6,5,9,4,7,High,Deepen Caldwell page AND collect Caldwell-tagged testimonial/project (currently zero local proof); add housing-stock and ZIP detail
/services/kitchen-remodel/boise,city-service,Boise,Kitchen Remodeling Boise,Kitchen Remodel Contractor Boise; Kitchen Remodel Company Boise Idaho; Kitchen Remodeling Near Me,how much does a kitchen remodel cost in Boise Idaho; best kitchen remodel contractor in Boise,Commercial / Local,9,6,7,8,7,3,8,8,7,5,9,5,8,Medium,"Raise unique copy share: add Boise-specific project narrative, cost band, and neighborhood-level detail beyond the template swaps"
/services/kitchen-remodel/meridian,city-service,Meridian,Kitchen Remodeling Meridian,Kitchen Remodel Contractor Meridian; Kitchen Remodel Company Meridian Idaho; Kitchen Remodeling Near Me,how much does a kitchen remodel cost in Meridian Idaho; best kitchen remodel contractor in Meridian,Commercial / Local,9,6,7,8,7,3,8,8,7,5,9,5,8,Medium,"Raise unique copy share: add Meridian-specific project narrative, cost band, and neighborhood-level detail beyond the template swaps"
/services/kitchen-remodel/eagle,city-service,Eagle,Kitchen Remodeling Eagle,Kitchen Remodel Contractor Eagle; Kitchen Remodel Company Eagle Idaho; Kitchen Remodeling Near Me,how much does a kitchen remodel cost in Eagle Idaho; best kitchen remodel contractor in Eagle,Commercial / Local,9,6,7,8,7,3,8,8,7,5,9,5,8,Medium,"Raise unique copy share: add Eagle-specific project narrative, cost band, and neighborhood-level detail beyond the template swaps"
/services/kitchen-remodel/nampa,city-service,Nampa,Kitchen Remodeling Nampa,Kitchen Remodel Contractor Nampa; Kitchen Remodel Company Nampa Idaho; Kitchen Remodeling Near Me,how much does a kitchen remodel cost in Nampa Idaho; best kitchen remodel contractor in Nampa,Commercial / Local,9,6,7,8,7,3,8,8,7,5,9,5,8,Medium,"Raise unique copy share: add Nampa-specific project narrative, cost band, and neighborhood-level detail beyond the template swaps"
/services/kitchen-remodel/kuna,city-service,Kuna,Kitchen Remodeling Kuna,Kitchen Remodel Contractor Kuna; Kitchen Remodel Company Kuna Idaho; Kitchen Remodeling Near Me,how much does a kitchen remodel cost in Kuna Idaho; best kitchen remodel contractor in Kuna,Commercial / Local,9,6,7,8,7,3,8,8,7,5,9,4,8,High,Add Kuna proof (testimonial/project) and a city-specific cost band; raise unique copy share above 50%
/services/kitchen-remodel/star,city-service,Star,Kitchen Remodeling Star,Kitchen Remodel Contractor Star; Kitchen Remodel Company Star Idaho; Kitchen Remodeling Near Me,how much does a kitchen remodel cost in Star Idaho; best kitchen remodel contractor in Star,Commercial / Local,9,6,7,8,7,3,8,8,7,5,9,4,8,High,Add Star proof (testimonial/project) and a city-specific cost band; raise unique copy share above 50%
/services/kitchen-remodel/middleton,city-service,Middleton,Kitchen Remodeling Middleton,Kitchen Remodel Contractor Middleton; Kitchen Remodel Company Middleton Idaho; Kitchen Remodeling Near Me,how much does a kitchen remodel cost in Middleton Idaho; best kitchen remodel contractor in Middleton,Commercial / Local,9,6,7,8,7,3,8,8,7,5,9,4,8,High,Add Middleton proof (testimonial/project) and a city-specific cost band; raise unique copy share above 50%
/services/kitchen-remodel/caldwell,city-service,Caldwell,Kitchen Remodeling Caldwell,Kitchen Remodel Contractor Caldwell; Kitchen Remodel Company Caldwell Idaho; Kitchen Remodeling Near Me,how much does a kitchen remodel cost in Caldwell Idaho; best kitchen remodel contractor in Caldwell,Commercial / Local,9,6,7,8,7,3,8,8,7,5,9,4,8,High,Add Caldwell proof (testimonial/project) and a city-specific cost band; raise unique copy share above 50%
/services/bathroom-remodel/boise,city-service,Boise,Bathroom Remodeling Boise,Bathroom Remodel Contractor Boise; Bathroom Remodel Company Boise Idaho; Bathroom Remodeling Near Me,how much does a bathroom remodel cost in Boise Idaho; best bathroom remodel contractor in Boise,Commercial / Local,9,6,7,8,7,3,8,8,7,5,9,5,8,Medium,"Raise unique copy share: add Boise-specific project narrative, cost band, and neighborhood-level detail beyond the template swaps"
/services/bathroom-remodel/meridian,city-service,Meridian,Bathroom Remodeling Meridian,Bathroom Remodel Contractor Meridian; Bathroom Remodel Company Meridian Idaho; Bathroom Remodeling Near Me,how much does a bathroom remodel cost in Meridian Idaho; best bathroom remodel contractor in Meridian,Commercial / Local,9,6,7,8,7,3,8,8,7,5,9,5,8,Medium,"Raise unique copy share: add Meridian-specific project narrative, cost band, and neighborhood-level detail beyond the template swaps"
/services/bathroom-remodel/eagle,city-service,Eagle,Bathroom Remodeling Eagle,Bathroom Remodel Contractor Eagle; Bathroom Remodel Company Eagle Idaho; Bathroom Remodeling Near Me,how much does a bathroom remodel cost in Eagle Idaho; best bathroom remodel contractor in Eagle,Commercial / Local,9,6,7,8,7,3,8,8,7,5,9,5,8,Medium,"Raise unique copy share: add Eagle-specific project narrative, cost band, and neighborhood-level detail beyond the template swaps"
/services/bathroom-remodel/nampa,city-service,Nampa,Bathroom Remodeling Nampa,Bathroom Remodel Contractor Nampa; Bathroom Remodel Company Nampa Idaho; Bathroom Remodeling Near Me,how much does a bathroom remodel cost in Nampa Idaho; best bathroom remodel contractor in Nampa,Commercial / Local,9,6,7,8,7,3,8,8,7,5,9,5,8,Medium,"Raise unique copy share: add Nampa-specific project narrative, cost band, and neighborhood-level detail beyond the template swaps"
/services/bathroom-remodel/kuna,city-service,Kuna,Bathroom Remodeling Kuna,Bathroom Remodel Contractor Kuna; Bathroom Remodel Company Kuna Idaho; Bathroom Remodeling Near Me,how much does a bathroom remodel cost in Kuna Idaho; best bathroom remodel contractor in Kuna,Commercial / Local,9,6,7,8,7,3,8,8,7,5,9,4,8,High,Add Kuna proof (testimonial/project) and a city-specific cost band; raise unique copy share above 50%
/services/bathroom-remodel/star,city-service,Star,Bathroom Remodeling Star,Bathroom Remodel Contractor Star; Bathroom Remodel Company Star Idaho; Bathroom Remodeling Near Me,how much does a bathroom remodel cost in Star Idaho; best bathroom remodel contractor in Star,Commercial / Local,9,6,7,8,7,3,8,8,7,5,9,4,8,High,Add Star proof (testimonial/project) and a city-specific cost band; raise unique copy share above 50%
/services/bathroom-remodel/middleton,city-service,Middleton,Bathroom Remodeling Middleton,Bathroom Remodel Contractor Middleton; Bathroom Remodel Company Middleton Idaho; Bathroom Remodeling Near Me,how much does a bathroom remodel cost in Middleton Idaho; best bathroom remodel contractor in Middleton,Commercial / Local,9,6,7,8,7,3,8,8,7,5,9,4,8,High,Add Middleton proof (testimonial/project) and a city-specific cost band; raise unique copy share above 50%
/services/bathroom-remodel/caldwell,city-service,Caldwell,Bathroom Remodeling Caldwell,Bathroom Remodel Contractor Caldwell; Bathroom Remodel Company Caldwell Idaho; Bathroom Remodeling Near Me,how much does a bathroom remodel cost in Caldwell Idaho; best bathroom remodel contractor in Caldwell,Commercial / Local,9,6,7,8,7,3,8,8,7,5,9,4,8,High,Add Caldwell proof (testimonial/project) and a city-specific cost band; raise unique copy share above 50%
/services/whole-home-remodel/boise,city-service,Boise,Whole-Home Remodeling Boise,Whole-Home Remodel Contractor Boise; Whole-Home Remodel Company Boise Idaho; Whole-Home Remodeling Near Me,how much does a whole-home remodel cost in Boise Idaho; best whole-home remodel contractor in Boise,Commercial / Local,9,6,7,8,7,3,8,8,7,5,9,5,8,Medium,"Raise unique copy share: add Boise-specific project narrative, cost band, and neighborhood-level detail beyond the template swaps"
/services/whole-home-remodel/meridian,city-service,Meridian,Whole-Home Remodeling Meridian,Whole-Home Remodel Contractor Meridian; Whole-Home Remodel Company Meridian Idaho; Whole-Home Remodeling Near Me,how much does a whole-home remodel cost in Meridian Idaho; best whole-home remodel contractor in Meridian,Commercial / Local,9,6,7,8,7,3,8,8,7,5,9,5,8,Medium,"Raise unique copy share: add Meridian-specific project narrative, cost band, and neighborhood-level detail beyond the template swaps"
/services/whole-home-remodel/eagle,city-service,Eagle,Whole-Home Remodeling Eagle,Whole-Home Remodel Contractor Eagle; Whole-Home Remodel Company Eagle Idaho; Whole-Home Remodeling Near Me,how much does a whole-home remodel cost in Eagle Idaho; best whole-home remodel contractor in Eagle,Commercial / Local,9,6,7,8,7,3,8,8,7,5,9,5,8,Medium,"Raise unique copy share: add Eagle-specific project narrative, cost band, and neighborhood-level detail beyond the template swaps"
/services/whole-home-remodel/nampa,city-service,Nampa,Whole-Home Remodeling Nampa,Whole-Home Remodel Contractor Nampa; Whole-Home Remodel Company Nampa Idaho; Whole-Home Remodeling Near Me,how much does a whole-home remodel cost in Nampa Idaho; best whole-home remodel contractor in Nampa,Commercial / Local,9,6,7,8,7,3,8,8,7,5,9,5,8,Medium,"Raise unique copy share: add Nampa-specific project narrative, cost band, and neighborhood-level detail beyond the template swaps"
/services/whole-home-remodel/kuna,city-service,Kuna,Whole-Home Remodeling Kuna,Whole-Home Remodel Contractor Kuna; Whole-Home Remodel Company Kuna Idaho; Whole-Home Remodeling Near Me,how much does a whole-home remodel cost in Kuna Idaho; best whole-home remodel contractor in Kuna,Commercial / Local,9,6,7,8,7,3,8,8,7,5,9,4,8,High,Add Kuna proof (testimonial/project) and a city-specific cost band; raise unique copy share above 50%
/services/whole-home-remodel/star,city-service,Star,Whole-Home Remodeling Star,Whole-Home Remodel Contractor Star; Whole-Home Remodel Company Star Idaho; Whole-Home Remodeling Near Me,how much does a whole-home remodel cost in Star Idaho; best whole-home remodel contractor in Star,Commercial / Local,9,6,7,8,7,3,8,8,7,5,9,4,8,High,Add Star proof (testimonial/project) and a city-specific cost band; raise unique copy share above 50%
/services/whole-home-remodel/middleton,city-service,Middleton,Whole-Home Remodeling Middleton,Whole-Home Remodel Contractor Middleton; Whole-Home Remodel Company Middleton Idaho; Whole-Home Remodeling Near Me,how much does a whole-home remodel cost in Middleton Idaho; best whole-home remodel contractor in Middleton,Commercial / Local,9,6,7,8,7,3,8,8,7,5,9,4,8,High,Add Middleton proof (testimonial/project) and a city-specific cost band; raise unique copy share above 50%
/services/whole-home-remodel/caldwell,city-service,Caldwell,Whole-Home Remodeling Caldwell,Whole-Home Remodel Contractor Caldwell; Whole-Home Remodel Company Caldwell Idaho; Whole-Home Remodeling Near Me,how much does a whole-home remodel cost in Caldwell Idaho; best whole-home remodel contractor in Caldwell,Commercial / Local,9,6,7,8,7,3,8,8,7,5,9,4,8,High,Add Caldwell proof (testimonial/project) and a city-specific cost band; raise unique copy share above 50%
/services/room-addition/boise,city-service,Boise,Room Addition Boise,Room Addition Contractor Boise; Room Addition Company Boise Idaho; Room Addition Near Me,how much does a room addition cost in Boise Idaho; best room addition contractor in Boise,Commercial / Local,9,6,7,8,7,3,8,8,7,5,9,5,8,Medium,"Raise unique copy share: add Boise-specific project narrative, cost band, and neighborhood-level detail beyond the template swaps"
/services/room-addition/meridian,city-service,Meridian,Room Addition Meridian,Room Addition Contractor Meridian; Room Addition Company Meridian Idaho; Room Addition Near Me,how much does a room addition cost in Meridian Idaho; best room addition contractor in Meridian,Commercial / Local,9,6,7,8,7,3,8,8,7,5,9,5,8,Medium,"Raise unique copy share: add Meridian-specific project narrative, cost band, and neighborhood-level detail beyond the template swaps"
/services/room-addition/eagle,city-service,Eagle,Room Addition Eagle,Room Addition Contractor Eagle; Room Addition Company Eagle Idaho; Room Addition Near Me,how much does a room addition cost in Eagle Idaho; best room addition contractor in Eagle,Commercial / Local,9,6,7,8,7,3,8,8,7,5,9,5,8,Medium,"Raise unique copy share: add Eagle-specific project narrative, cost band, and neighborhood-level detail beyond the template swaps"
/services/room-addition/nampa,city-service,Nampa,Room Addition Nampa,Room Addition Contractor Nampa; Room Addition Company Nampa Idaho; Room Addition Near Me,how much does a room addition cost in Nampa Idaho; best room addition contractor in Nampa,Commercial / Local,9,6,7,8,7,3,8,8,7,5,9,5,8,Medium,"Raise unique copy share: add Nampa-specific project narrative, cost band, and neighborhood-level detail beyond the template swaps"
/services/room-addition/kuna,city-service,Kuna,Room Addition Kuna,Room Addition Contractor Kuna; Room Addition Company Kuna Idaho; Room Addition Near Me,how much does a room addition cost in Kuna Idaho; best room addition contractor in Kuna,Commercial / Local,9,6,7,8,7,3,8,8,7,5,9,4,8,High,Add Kuna proof (testimonial/project) and a city-specific cost band; raise unique copy share above 50%
/services/room-addition/star,city-service,Star,Room Addition Star,Room Addition Contractor Star; Room Addition Company Star Idaho; Room Addition Near Me,how much does a room addition cost in Star Idaho; best room addition contractor in Star,Commercial / Local,9,6,7,8,7,3,8,8,7,5,9,4,8,High,Add Star proof (testimonial/project) and a city-specific cost band; raise unique copy share above 50%
/services/room-addition/middleton,city-service,Middleton,Room Addition Middleton,Room Addition Contractor Middleton; Room Addition Company Middleton Idaho; Room Addition Near Me,how much does a room addition cost in Middleton Idaho; best room addition contractor in Middleton,Commercial / Local,9,6,7,8,7,3,8,8,7,5,9,4,8,High,Add Middleton proof (testimonial/project) and a city-specific cost band; raise unique copy share above 50%
/services/room-addition/caldwell,city-service,Caldwell,Room Addition Caldwell,Room Addition Contractor Caldwell; Room Addition Company Caldwell Idaho; Room Addition Near Me,how much does a room addition cost in Caldwell Idaho; best room addition contractor in Caldwell,Commercial / Local,9,6,7,8,7,3,8,8,7,5,9,4,8,High,Add Caldwell proof (testimonial/project) and a city-specific cost band; raise unique copy share above 50%
/services/adu/boise,city-service,Boise,ADU Builder Boise,ADU / Guest House Contractor Boise; ADU / Guest House Company Boise Idaho; ADU Builder Near Me,how much does a adu / guest house cost in Boise Idaho; best adu / guest house contractor in Boise,Commercial / Local,9,6,7,8,7,3,8,8,7,5,9,5,8,Medium,"Raise unique copy share: add Boise-specific project narrative, cost band, and neighborhood-level detail beyond the template swaps"
/services/adu/meridian,city-service,Meridian,ADU Builder Meridian,ADU / Guest House Contractor Meridian; ADU / Guest House Company Meridian Idaho; ADU Builder Near Me,how much does a adu / guest house cost in Meridian Idaho; best adu / guest house contractor in Meridian,Commercial / Local,9,6,7,8,7,3,8,8,7,5,9,5,8,Medium,"Raise unique copy share: add Meridian-specific project narrative, cost band, and neighborhood-level detail beyond the template swaps"
/services/adu/eagle,city-service,Eagle,ADU Builder Eagle,ADU / Guest House Contractor Eagle; ADU / Guest House Company Eagle Idaho; ADU Builder Near Me,how much does a adu / guest house cost in Eagle Idaho; best adu / guest house contractor in Eagle,Commercial / Local,9,6,7,8,7,3,8,8,7,5,9,5,8,Medium,"Raise unique copy share: add Eagle-specific project narrative, cost band, and neighborhood-level detail beyond the template swaps"
/services/adu/nampa,city-service,Nampa,ADU Builder Nampa,ADU / Guest House Contractor Nampa; ADU / Guest House Company Nampa Idaho; ADU Builder Near Me,how much does a adu / guest house cost in Nampa Idaho; best adu / guest house contractor in Nampa,Commercial / Local,9,6,7,8,7,3,8,8,7,5,9,5,8,Medium,"Raise unique copy share: add Nampa-specific project narrative, cost band, and neighborhood-level detail beyond the template swaps"
/services/adu/kuna,city-service,Kuna,ADU Builder Kuna,ADU / Guest House Contractor Kuna; ADU / Guest House Company Kuna Idaho; ADU Builder Near Me,how much does a adu / guest house cost in Kuna Idaho; best adu / guest house contractor in Kuna,Commercial / Local,9,6,7,8,7,3,8,8,7,5,6,4,8,Medium,Noindexed doorway-risk page listed in sitemap.xml - remove from sitemap; build ADU content + local proof to re-index later
/services/adu/star,city-service,Star,ADU Builder Star,ADU / Guest House Contractor Star; ADU / Guest House Company Star Idaho; ADU Builder Near Me,how much does a adu / guest house cost in Star Idaho; best adu / guest house contractor in Star,Commercial / Local,9,6,7,8,7,3,8,8,7,5,6,4,8,Medium,Noindexed doorway-risk page listed in sitemap.xml - remove from sitemap; build ADU content + local proof to re-index later
/services/adu/middleton,city-service,Middleton,ADU Builder Middleton,ADU / Guest House Contractor Middleton; ADU / Guest House Company Middleton Idaho; ADU Builder Near Me,how much does a adu / guest house cost in Middleton Idaho; best adu / guest house contractor in Middleton,Commercial / Local,9,6,7,8,7,3,8,8,7,5,6,4,8,Medium,Noindexed doorway-risk page listed in sitemap.xml - remove from sitemap; build ADU content + local proof to re-index later
/services/adu/caldwell,city-service,Caldwell,ADU Builder Caldwell,ADU / Guest House Contractor Caldwell; ADU / Guest House Company Caldwell Idaho; ADU Builder Near Me,how much does a adu / guest house cost in Caldwell Idaho; best adu / guest house contractor in Caldwell,Commercial / Local,9,6,7,8,7,3,8,8,7,5,6,4,8,Medium,Noindexed doorway-risk page listed in sitemap.xml - remove from sitemap; build ADU content + local proof to re-index later
/guides/boise-remodeling-cost-guide,guide:hub-pillar,Treasure Valley,Boise Remodeling Cost Guide (2026 Planning Ranges),Boise remodeling guide; Treasure Valley remodeling costs,derived from H2 question headings (see 03-keyword-strategy.md),Informational,8,9,7,8,7,3,8,8,8,7,9,5,7,Medium,Add named author with credentials; refresh dateModified; add local project example
/guides/treasure-valley-remodeling-guide,guide:master,Treasure Valley,Treasure Valley Remodeling Guide,remodeling in the Treasure Valley; Boise area remodeling overview,what to know before remodeling in the Treasure Valley,Informational,8,4,7,8,6,3,8,8,6,6,9,4,7,High,"Expand master guide to 600+ words: per-city market snapshot, permit overview, cost index linking to all pillars"
/guides/boise-remodeling-guide,guide:location,Boise,Boise Remodeling Guide,remodeling in Boise Idaho; Boise home renovation,what does it cost to remodel a home in Boise Idaho,Informational / Local,8,3,7,8,6,3,8,8,5,5,9,4,7,High,"Expand from ~149 to 500-700 words: Boise housing stock by era, permit specifics, cost bands, neighborhood call-outs, link to /areas page"
/guides/boise-kitchen-remodeling-guide,guide:hub-pillar,Treasure Valley,Boise Kitchen Remodeling Guide,Boise remodeling guide; Treasure Valley remodeling costs,derived from H2 question headings (see 03-keyword-strategy.md),Informational,8,7,7,8,7,3,8,8,8,7,9,5,7,Medium,Add named author with credentials; refresh dateModified; add local project example
/guides/boise-bathroom-remodeling-guide,guide:hub-pillar,Treasure Valley,Boise Bathroom Remodeling Guide,Boise remodeling guide; Treasure Valley remodeling costs,derived from H2 question headings (see 03-keyword-strategy.md),Informational,8,7,7,8,7,3,8,8,8,7,9,5,7,High,"Expand pillar toward 800-1200 words: add cost/timeline tables, named local examples, comparison sections"
/guides/boise-home-addition-guide,guide:hub-pillar,Treasure Valley,Boise Home Addition Guide,Boise remodeling guide; Treasure Valley remodeling costs,derived from H2 question headings (see 03-keyword-strategy.md),Informational,8,7,7,8,7,3,8,8,8,7,9,5,7,High,"Expand pillar toward 800-1200 words: add cost/timeline tables, named local examples, comparison sections"
/guides/whole-home-remodeling-guide,guide:hub-pillar,Treasure Valley,Whole Home Remodeling Guide,Boise remodeling guide; Treasure Valley remodeling costs,derived from H2 question headings (see 03-keyword-strategy.md),Informational,8,6,7,8,7,3,8,8,8,7,9,5,7,High,"Expand pillar toward 800-1200 words: add cost/timeline tables, named local examples, comparison sections"
/guides/choose-remodeling-contractor-boise,guide:hub-pillar,Treasure Valley,How to Choose a Remodeling Contractor in Boise,Boise remodeling guide; Treasure Valley remodeling costs,derived from H2 question headings (see 03-keyword-strategy.md),Informational,8,7,7,8,7,3,8,8,8,7,9,5,7,Medium,Add named author with credentials; refresh dateModified; add local project example
/guides/boise-remodeling-process-guide,guide:hub-pillar,Treasure Valley,Boise Remodeling Process Guide,Boise remodeling guide; Treasure Valley remodeling costs,derived from H2 question headings (see 03-keyword-strategy.md),Informational,8,6,7,8,7,3,8,8,8,7,9,5,7,High,"Expand pillar toward 800-1200 words: add cost/timeline tables, named local examples, comparison sections"
/guides/best-remodeling-roi-boise,guide:hub-pillar,Treasure Valley,Best Remodeling Projects for ROI in Boise,Boise remodeling guide; Treasure Valley remodeling costs,derived from H2 question headings (see 03-keyword-strategy.md),Informational,8,7,7,8,7,3,8,8,8,7,9,5,7,High,"Expand pillar toward 800-1200 words: add cost/timeline tables, named local examples, comparison sections"
/guides/outdoor-living-remodeling-guide,guide:hub-pillar,Treasure Valley,Outdoor Living Remodeling Guide,Boise remodeling guide; Treasure Valley remodeling costs,derived from H2 question headings (see 03-keyword-strategy.md),Informational,8,7,7,8,7,3,8,8,8,7,9,5,7,High,"Expand pillar toward 800-1200 words: add cost/timeline tables, named local examples, comparison sections"
/guides/meridian-remodeling-guide,guide:location,Meridian,Meridian Remodeling Guide,remodeling in Meridian Idaho; Meridian home renovation,what does it cost to remodel a home in Meridian Idaho,Informational / Local,8,4,7,8,6,3,8,8,5,5,9,4,7,High,"Expand from ~168 to 500-700 words: Meridian housing stock by era, permit specifics, cost bands, neighborhood call-outs, link to /areas page"
/guides/eagle-remodeling-guide,guide:location,Eagle,Eagle Remodeling Guide,remodeling in Eagle Idaho; Eagle home renovation,what does it cost to remodel a home in Eagle Idaho,Informational / Local,8,4,7,8,6,3,8,8,5,5,9,4,7,High,"Expand from ~162 to 500-700 words: Eagle housing stock by era, permit specifics, cost bands, neighborhood call-outs, link to /areas page"
/guides/kuna-remodeling-guide,guide:location,Kuna,Kuna Remodeling Guide,remodeling in Kuna Idaho; Kuna home renovation,what does it cost to remodel a home in Kuna Idaho,Informational / Local,8,3,7,8,6,3,8,8,5,5,9,4,7,High,"Expand from ~124 to 500-700 words: Kuna housing stock by era, permit specifics, cost bands, neighborhood call-outs, link to /areas page"
/guides/star-remodeling-guide,guide:location,Star,Star Remodeling Guide,remodeling in Star Idaho; Star home renovation,what does it cost to remodel a home in Star Idaho,Informational / Local,8,3,7,8,6,3,8,8,5,5,9,4,7,High,"Expand from ~121 to 500-700 words: Star housing stock by era, permit specifics, cost bands, neighborhood call-outs, link to /areas page"
/guides/middleton-remodeling-guide,guide:location,Middleton,Middleton Remodeling Guide,remodeling in Middleton Idaho; Middleton home renovation,what does it cost to remodel a home in Middleton Idaho,Informational / Local,8,3,7,8,6,3,8,8,5,5,9,4,7,High,"Expand from ~139 to 500-700 words: Middleton housing stock by era, permit specifics, cost bands, neighborhood call-outs, link to /areas page"
/guides/nampa-remodeling-guide,guide:location,Nampa,Nampa Remodeling Guide,remodeling in Nampa Idaho; Nampa home renovation,what does it cost to remodel a home in Nampa Idaho,Informational / Local,8,3,7,8,6,3,8,8,5,5,9,4,7,High,"Expand from ~141 to 500-700 words: Nampa housing stock by era, permit specifics, cost bands, neighborhood call-outs, link to /areas page"
/guides/caldwell-remodeling-guide,guide:location,Caldwell,Caldwell Remodeling Guide,remodeling in Caldwell Idaho; Caldwell home renovation,what does it cost to remodel a home in Caldwell Idaho,Informational / Local,8,4,7,8,6,3,8,8,5,5,9,4,7,High,"Expand from ~233 to 500-700 words: Caldwell housing stock by era, permit specifics, cost bands, neighborhood call-outs, link to /areas page"
/guides/north-end-remodeling-guide,guide:neighborhood,Boise,North End Remodeling,remodeling North End Boise; North End home renovation,remodeling rules for North End homes; can I remodel a historic home in North End,Informational / Local,8,3,7,8,6,3,8,8,5,6,9,4,7,High,"Expand from ~136 to 500+ words: era-specific housing stock, historic-district rules where relevant, local project example"
/guides/boise-bench-remodeling-guide,guide:neighborhood,Boise,Boise Bench Remodeling,remodeling Boise Bench Boise; Boise Bench home renovation,remodeling rules for Boise Bench homes; can I remodel a historic home in Boise Bench,Informational / Local,8,3,7,8,6,3,8,8,5,6,9,4,7,High,"Expand from ~140 to 500+ words: era-specific housing stock, historic-district rules where relevant, local project example"
/guides/harris-ranch-remodeling-guide,guide:neighborhood,Boise,Harris Ranch Remodeling,remodeling Harris Ranch Boise; Harris Ranch home renovation,remodeling rules for Harris Ranch homes; can I remodel a historic home in Harris Ranch,Informational / Local,8,3,7,8,6,3,8,8,5,6,9,4,7,High,"Expand from ~120 to 500+ words: era-specific housing stock, historic-district rules where relevant, local project example"
/guides/east-boise-remodeling-guide,guide:neighborhood,Boise,East Boise Remodeling,remodeling East Boise Boise; East Boise home renovation,remodeling rules for East Boise homes; can I remodel a historic home in East Boise,Informational / Local,8,3,7,8,6,3,8,8,5,6,9,4,7,High,"Expand from ~127 to 500+ words: era-specific housing stock, historic-district rules where relevant, local project example"
/guides/hidden-springs-remodeling-guide,guide:neighborhood,Boise,Hidden Springs Remodeling,remodeling Hidden Springs Boise; Hidden Springs home renovation,remodeling rules for Hidden Springs homes; can I remodel a historic home in Hidden Springs,Informational / Local,8,3,7,8,6,3,8,8,5,6,9,4,7,High,"Expand from ~128 to 500+ words: era-specific housing stock, historic-district rules where relevant, local project example"
/guides/eagle-foothills-remodeling-guide,guide:neighborhood,Boise,Eagle Foothills Remodeling,remodeling Eagle Foothills Boise; Eagle Foothills home renovation,remodeling rules for Eagle Foothills homes; can I remodel a historic home in Eagle Foothills,Informational / Local,8,3,7,8,6,3,8,8,5,6,9,4,7,High,"Expand from ~136 to 500+ words: era-specific housing stock, historic-district rules where relevant, local project example"
/blog/kitchen-remodel-cost-boise,blog,Treasure Valley,Kitchen Remodel Cost Boise (2026 Planning Ranges),see 03-keyword-strategy.md cluster mapping,question-form variants of title (see 03-keyword-strategy.md),Commercial Investigation,8,7,7,8,6,3,8,8,7,6,9,4,6,Medium,Add named author with credentials and dateModified; refresh with current-year cost data
/blog/bathroom-remodel-cost-boise,blog,Treasure Valley,Bathroom Remodel Cost Boise: Guest vs Master Bath,see 03-keyword-strategy.md cluster mapping,question-form variants of title (see 03-keyword-strategy.md),Commercial Investigation,8,6,7,8,6,3,8,8,7,6,9,4,6,High,Expand from 299 to 600+ words with Boise-market specifics and tables; add named author
/blog/whole-home-remodel-cost-boise,blog,Treasure Valley,Whole Home Remodel Cost Boise,see 03-keyword-strategy.md cluster mapping,question-form variants of title (see 03-keyword-strategy.md),Commercial Investigation,8,4,7,8,6,3,8,8,7,4,9,4,6,High,Expand from 245 to 600+ words with Boise-market specifics and tables; add named author
/blog/home-addition-cost-boise,blog,Treasure Valley,Home Addition Cost Boise,see 03-keyword-strategy.md cluster mapping,question-form variants of title (see 03-keyword-strategy.md),Commercial Investigation,8,4,7,8,6,3,8,8,7,4,9,4,6,High,Expand from 243 to 600+ words with Boise-market specifics and tables; add named author
/blog/luxury-remodel-cost-boise,blog,Treasure Valley,Luxury Remodel Cost Boise & Eagle,see 03-keyword-strategy.md cluster mapping,question-form variants of title (see 03-keyword-strategy.md),Commercial Investigation,8,4,7,8,6,3,8,8,7,4,9,4,6,High,Expand from 230 to 600+ words with Boise-market specifics and tables; add named author
/blog/remodel-cost-per-square-foot-boise,blog,Treasure Valley,Cost Per Square Foot to Remodel a Home in Boise,see 03-keyword-strategy.md cluster mapping,question-form variants of title (see 03-keyword-strategy.md),Commercial Investigation,8,4,7,8,6,3,8,8,7,4,9,4,6,High,Expand from 234 to 600+ words with Boise-market specifics and tables; add named author
/blog/what-impacts-remodeling-costs-boise,blog,Treasure Valley,What Impacts Remodeling Costs in Boise?,see 03-keyword-strategy.md cluster mapping,question-form variants of title (see 03-keyword-strategy.md),Commercial Investigation,8,6,7,8,6,3,8,8,7,6,9,4,6,High,Expand from 251 to 600+ words with Boise-market specifics and tables; add named author
/blog/how-to-budget-remodel-boise,blog,Treasure Valley,How to Budget for a Remodel in Boise,see 03-keyword-strategy.md cluster mapping,question-form variants of title (see 03-keyword-strategy.md),Commercial Investigation,8,4,7,8,6,3,8,8,7,4,9,4,6,Medium,Expand from 238 to 600+ words with Boise-market specifics and tables; add named author
/blog/kitchen-remodel-timeline-boise,blog,Treasure Valley,Kitchen Remodel Timeline Boise,see 03-keyword-strategy.md cluster mapping,question-form variants of title (see 03-keyword-strategy.md),Informational,8,3,7,8,6,3,8,8,5,4,9,4,6,High,"Thin (135 words): expand to 600+ words or consolidate into its hub pillar; add Boise-specific data, cost/timeline table, named author"
/blog/kitchen-layout-ideas-boise-homes,blog,Treasure Valley,Kitchen Layout Ideas for Boise Homes,see 03-keyword-strategy.md cluster mapping,question-form variants of title (see 03-keyword-strategy.md),Informational,8,3,7,8,6,3,8,8,5,4,9,4,6,High,"Thin (139 words): expand to 600+ words or consolidate into its hub pillar; add Boise-specific data, cost/timeline table, named author"
/blog/kitchen-cabinet-trends,blog,Treasure Valley,Kitchen Cabinet Trends,see 03-keyword-strategy.md cluster mapping,question-form variants of title (see 03-keyword-strategy.md),Informational,8,3,7,8,4,3,8,8,5,4,9,4,6,High,"Thin (135 words): expand to 600+ words or consolidate into its hub pillar; add Boise-specific data, cost/timeline table, named author"
/blog/quartz-vs-quartzite-kitchen,blog,Treasure Valley,Quartz vs Quartzite for Kitchen Countertops,see 03-keyword-strategy.md cluster mapping,question-form variants of title (see 03-keyword-strategy.md),Informational,8,3,7,8,4,3,8,8,5,4,9,4,6,High,"Thin (133 words): expand to 600+ words or consolidate into its hub pillar; add Boise-specific data, cost/timeline table, named author"
/blog/kitchen-remodel-roi,blog,Treasure Valley,Kitchen Remodel ROI in Boise,see 03-keyword-strategy.md cluster mapping,question-form variants of title (see 03-keyword-strategy.md),Informational,8,3,7,8,6,3,8,8,5,4,9,4,6,High,"Thin (135 words): expand to 600+ words or consolidate into its hub pillar; add Boise-specific data, cost/timeline table, named author"
/blog/open-concept-kitchen-remodeling,blog,Treasure Valley,Open Concept Kitchen Remodeling,see 03-keyword-strategy.md cluster mapping,question-form variants of title (see 03-keyword-strategy.md),Informational,8,2,7,8,4,3,8,8,5,4,9,4,6,High,"Thin (85 words): expand to 600+ words or consolidate into its hub pillar; add Boise-specific data, cost/timeline table, named author"
/blog/kitchen-island-design-guide,blog,Treasure Valley,Kitchen Island Design Guide,see 03-keyword-strategy.md cluster mapping,question-form variants of title (see 03-keyword-strategy.md),Informational,8,3,7,8,4,3,8,8,5,4,9,4,6,High,"Thin (133 words): expand to 600+ words or consolidate into its hub pillar; add Boise-specific data, cost/timeline table, named author"
/blog/walk-in-pantry-design-guide,blog,Treasure Valley,Walk-In Pantry Design Guide,see 03-keyword-strategy.md cluster mapping,question-form variants of title (see 03-keyword-strategy.md),Informational,8,3,7,8,4,3,8,8,5,4,9,4,6,High,"Thin (131 words): expand to 600+ words or consolidate into its hub pillar; add Boise-specific data, cost/timeline table, named author"
/blog/walk-in-shower-guide,blog,Treasure Valley,Walk-In Shower Guide,see 03-keyword-strategy.md cluster mapping,question-form variants of title (see 03-keyword-strategy.md),Informational,8,2,7,8,4,3,8,8,5,4,9,4,6,High,"Thin (77 words): expand to 600+ words or consolidate into its hub pillar; add Boise-specific data, cost/timeline table, named author"
/blog/curbless-shower-guide,blog,Treasure Valley,Curbless Shower Guide,see 03-keyword-strategy.md cluster mapping,question-form variants of title (see 03-keyword-strategy.md),Informational,8,3,7,8,4,3,8,8,5,4,9,4,6,High,"Thin (130 words): expand to 600+ words or consolidate into its hub pillar; add Boise-specific data, cost/timeline table, named author"
/blog/luxury-bathroom-features,blog,Treasure Valley,Luxury Bathroom Features,see 03-keyword-strategy.md cluster mapping,question-form variants of title (see 03-keyword-strategy.md),Informational,8,3,7,8,4,3,8,8,5,4,9,4,6,High,"Thin (130 words): expand to 600+ words or consolidate into its hub pillar; add Boise-specific data, cost/timeline table, named author"
/blog/small-bathroom-remodel-ideas,blog,Treasure Valley,Small Bathroom Remodel Ideas,see 03-keyword-strategy.md cluster mapping,question-form variants of title (see 03-keyword-strategy.md),Informational,8,3,7,8,4,3,8,8,5,4,9,4,6,High,"Thin (134 words): expand to 600+ words or consolidate into its hub pillar; add Boise-specific data, cost/timeline table, named author"
/blog/aging-in-place-bathroom-design,blog,Treasure Valley,Aging-in-Place Bathroom Design,see 03-keyword-strategy.md cluster mapping,question-form variants of title (see 03-keyword-strategy.md),Informational,8,3,7,8,4,3,8,8,5,4,9,4,6,High,"Thin (130 words): expand to 600+ words or consolidate into its hub pillar; add Boise-specific data, cost/timeline table, named author"
/blog/bathroom-remodel-roi,blog,Treasure Valley,Bathroom Remodel ROI,see 03-keyword-strategy.md cluster mapping,question-form variants of title (see 03-keyword-strategy.md),Informational,8,3,7,8,4,3,8,8,5,4,9,4,6,High,"Thin (130 words): expand to 600+ words or consolidate into its hub pillar; add Boise-specific data, cost/timeline table, named author"
/blog/bathroom-layout-planning-guide,blog,Treasure Valley,Bathroom Layout Planning Guide,see 03-keyword-strategy.md cluster mapping,question-form variants of title (see 03-keyword-strategy.md),Informational,8,3,7,8,4,3,8,8,5,4,9,4,6,High,"Thin (134 words): expand to 600+ words or consolidate into its hub pillar; add Boise-specific data, cost/timeline table, named author"
/blog/primary-suite-additions,blog,Treasure Valley,Primary Suite Additions,see 03-keyword-strategy.md cluster mapping,question-form variants of title (see 03-keyword-strategy.md),Informational,8,3,7,8,4,3,8,8,5,4,9,4,6,High,"Thin (135 words): expand to 600+ words or consolidate into its hub pillar; add Boise-specific data, cost/timeline table, named author"
/blog/bedroom-additions,blog,Treasure Valley,Bedroom Additions,see 03-keyword-strategy.md cluster mapping,question-form variants of title (see 03-keyword-strategy.md),Informational,8,3,7,8,4,3,8,8,5,4,9,4,6,High,"Thin (131 words): expand to 600+ words or consolidate into its hub pillar; add Boise-specific data, cost/timeline table, named author"
/blog/second-story-additions,blog,Treasure Valley,Second Story Additions,see 03-keyword-strategy.md cluster mapping,question-form variants of title (see 03-keyword-strategy.md),Informational,8,3,7,8,4,3,8,8,5,4,9,4,6,High,"Thin (135 words): expand to 600+ words or consolidate into its hub pillar; add Boise-specific data, cost/timeline table, named author"
/blog/garage-conversions,blog,Treasure Valley,Garage Conversions,see 03-keyword-strategy.md cluster mapping,question-form variants of title (see 03-keyword-strategy.md),Informational,8,3,7,8,4,3,8,8,5,4,9,4,6,High,"Thin (131 words): expand to 600+ words or consolidate into its hub pillar; add Boise-specific data, cost/timeline table, named author"
/blog/adu-guide-boise,blog,Treasure Valley,ADU Guide Boise,see 03-keyword-strategy.md cluster mapping,question-form variants of title (see 03-keyword-strategy.md),Informational,8,3,7,8,6,3,8,8,5,4,9,4,6,High,"Thin (135 words): expand to 600+ words or consolidate into its hub pillar; add Boise-specific data, cost/timeline table, named author"
/blog/multigenerational-living-remodels,blog,Treasure Valley,Multigenerational Living Remodels,see 03-keyword-strategy.md cluster mapping,question-form variants of title (see 03-keyword-strategy.md),Informational,8,3,7,8,4,3,8,8,5,4,9,4,6,High,"Thin (135 words): expand to 600+ words or consolidate into its hub pillar; add Boise-specific data, cost/timeline table, named author"
/blog/home-addition-timeline-guide,blog,Treasure Valley,Home Addition Timeline Guide,see 03-keyword-strategy.md cluster mapping,question-form variants of title (see 03-keyword-strategy.md),Informational,8,3,7,8,4,3,8,8,5,4,9,4,6,High,"Thin (139 words): expand to 600+ words or consolidate into its hub pillar; add Boise-specific data, cost/timeline table, named author"
/blog/remodeling-vs-moving,blog,Treasure Valley,Remodeling vs Moving,see 03-keyword-strategy.md cluster mapping,question-form variants of title (see 03-keyword-strategy.md),Informational,8,3,7,8,4,3,8,8,5,4,9,4,6,High,"Thin (137 words): expand to 600+ words or consolidate into its hub pillar; add Boise-specific data, cost/timeline table, named author"
/blog/whole-home-remodel-timeline,blog,Treasure Valley,Whole Home Remodel Timeline,see 03-keyword-strategy.md cluster mapping,question-form variants of title (see 03-keyword-strategy.md),Informational,8,3,7,8,4,3,8,8,5,4,9,4,6,High,"Thin (141 words): expand to 600+ words or consolidate into its hub pillar; add Boise-specific data, cost/timeline table, named author"
/blog/living-through-a-remodel,blog,Treasure Valley,Living Through a Remodel,see 03-keyword-strategy.md cluster mapping,question-form variants of title (see 03-keyword-strategy.md),Informational,8,3,7,8,4,3,8,8,5,4,9,4,6,High,"Thin (141 words): expand to 600+ words or consolidate into its hub pillar; add Boise-specific data, cost/timeline table, named author"
/blog/remodel-planning-guide,blog,Treasure Valley,Remodel Planning Guide,see 03-keyword-strategy.md cluster mapping,question-form variants of title (see 03-keyword-strategy.md),Informational,8,3,7,8,4,3,8,8,5,4,9,4,6,High,"Thin (137 words): expand to 600+ words or consolidate into its hub pillar; add Boise-specific data, cost/timeline table, named author"
/blog/remodeling-mistakes-to-avoid,blog,Treasure Valley,Remodeling Mistakes to Avoid,see 03-keyword-strategy.md cluster mapping,question-form variants of title (see 03-keyword-strategy.md),Informational,8,3,7,8,4,3,8,8,5,4,9,4,6,High,"Thin (141 words): expand to 600+ words or consolidate into its hub pillar; add Boise-specific data, cost/timeline table, named author"
/blog/design-build-process-guide,blog,Treasure Valley,Design-Build Process Guide,see 03-keyword-strategy.md cluster mapping,question-form variants of title (see 03-keyword-strategy.md),Informational,8,3,7,8,4,3,8,8,5,4,9,4,6,High,"Thin (137 words): expand to 600+ words or consolidate into its hub pillar; add Boise-specific data, cost/timeline table, named author"
/blog/questions-to-ask-remodeling-contractor,blog,Treasure Valley,Questions to Ask a Remodeling Contractor,see 03-keyword-strategy.md cluster mapping,question-form variants of title (see 03-keyword-strategy.md),Informational,8,3,7,8,4,3,8,8,5,4,9,4,6,High,"Thin (138 words): expand to 600+ words or consolidate into its hub pillar; add Boise-specific data, cost/timeline table, named author"
/blog/remodeling-contractor-red-flags,blog,Treasure Valley,Remodeling Contractor Red Flags,see 03-keyword-strategy.md cluster mapping,question-form variants of title (see 03-keyword-strategy.md),Informational,8,3,7,8,4,3,8,8,5,4,9,4,6,High,"Thin (130 words): expand to 600+ words or consolidate into its hub pillar; add Boise-specific data, cost/timeline table, named author"
/blog/design-build-vs-general-contractor,blog,Treasure Valley,Design-Build vs General Contractor,see 03-keyword-strategy.md cluster mapping,question-form variants of title (see 03-keyword-strategy.md),Informational,8,3,7,8,4,3,8,8,5,4,9,4,6,High,"Thin (130 words): expand to 600+ words or consolidate into its hub pillar; add Boise-specific data, cost/timeline table, named author"
/blog/fixed-price-vs-cost-plus,blog,Treasure Valley,Fixed Price vs Cost Plus,see 03-keyword-strategy.md cluster mapping,question-form variants of title (see 03-keyword-strategy.md),Commercial Investigation,8,3,7,8,4,3,8,8,5,4,9,4,6,High,"Thin (134 words): expand to 600+ words or consolidate into its hub pillar; add Boise-specific data, cost/timeline table, named author"
/blog/how-to-compare-remodeling-estimates,blog,Treasure Valley,How to Compare Remodeling Estimates,see 03-keyword-strategy.md cluster mapping,question-form variants of title (see 03-keyword-strategy.md),Informational,8,3,7,8,4,3,8,8,5,4,9,4,6,High,"Thin (134 words): expand to 600+ words or consolidate into its hub pillar; add Boise-specific data, cost/timeline table, named author"
/blog/why-remodeling-bids-vary,blog,Treasure Valley,Why Remodeling Bids Vary So Much,see 03-keyword-strategy.md cluster mapping,question-form variants of title (see 03-keyword-strategy.md),Informational,8,3,7,8,4,3,8,8,5,4,9,4,6,High,"Thin (138 words): expand to 600+ words or consolidate into its hub pillar; add Boise-specific data, cost/timeline table, named author"
/blog/what-makes-great-remodeling-contractor,blog,Treasure Valley,What Makes a Great Remodeling Contractor,see 03-keyword-strategy.md cluster mapping,question-form variants of title (see 03-keyword-strategy.md),Informational,8,3,7,8,4,3,8,8,5,4,9,4,6,High,"Thin (138 words): expand to 600+ words or consolidate into its hub pillar; add Boise-specific data, cost/timeline table, named author"
/blog/consultation-process-remodeling,blog,Treasure Valley,What to Expect During the Consultation Process,see 03-keyword-strategy.md cluster mapping,question-form variants of title (see 03-keyword-strategy.md),Informational,8,3,7,8,4,3,8,8,5,4,9,4,6,High,"Thin (142 words): expand to 600+ words or consolidate into its hub pillar; add Boise-specific data, cost/timeline table, named author"
/blog/remodeling-timeline-guide,blog,Treasure Valley,Remodeling Timeline Guide,see 03-keyword-strategy.md cluster mapping,question-form variants of title (see 03-keyword-strategy.md),Informational,8,3,7,8,4,3,8,8,5,4,9,4,6,High,"Thin (125 words): expand to 600+ words or consolidate into its hub pillar; add Boise-specific data, cost/timeline table, named author"
/blog/boise-permit-guide,blog,Treasure Valley,Boise Permit Guide,see 03-keyword-strategy.md cluster mapping,question-form variants of title (see 03-keyword-strategy.md),Informational,8,3,7,8,6,3,8,8,5,4,9,4,6,High,"Thin (125 words): expand to 600+ words or consolidate into its hub pillar; add Boise-specific data, cost/timeline table, named author"
/blog/preconstruction-guide,blog,Treasure Valley,Preconstruction Guide,see 03-keyword-strategy.md cluster mapping,question-form variants of title (see 03-keyword-strategy.md),Informational,8,3,7,8,4,3,8,8,5,4,9,4,6,High,"Thin (121 words): expand to 600+ words or consolidate into its hub pillar; add Boise-specific data, cost/timeline table, named author"
/blog/design-development-guide,blog,Treasure Valley,Design Development Guide,see 03-keyword-strategy.md cluster mapping,question-form variants of title (see 03-keyword-strategy.md),Informational,8,3,7,8,4,3,8,8,5,4,9,4,6,High,"Thin (125 words): expand to 600+ words or consolidate into its hub pillar; add Boise-specific data, cost/timeline table, named author"
/blog/material-selection-guide,blog,Treasure Valley,Material Selection Guide,see 03-keyword-strategy.md cluster mapping,question-form variants of title (see 03-keyword-strategy.md),Informational,8,3,7,8,4,3,8,8,5,4,9,4,6,High,"Thin (125 words): expand to 600+ words or consolidate into its hub pillar; add Boise-specific data, cost/timeline table, named author"
/blog/construction-phase-guide,blog,Treasure Valley,Construction Phase Guide,see 03-keyword-strategy.md cluster mapping,question-form variants of title (see 03-keyword-strategy.md),Informational,8,3,7,8,4,3,8,8,5,4,9,4,6,High,"Thin (125 words): expand to 600+ words or consolidate into its hub pillar; add Boise-specific data, cost/timeline table, named author"
/blog/punch-list-guide,blog,Treasure Valley,Punch List Guide,see 03-keyword-strategy.md cluster mapping,question-form variants of title (see 03-keyword-strategy.md),Informational,8,3,7,8,4,3,8,8,5,4,9,4,6,High,"Thin (125 words): expand to 600+ words or consolidate into its hub pillar; add Boise-specific data, cost/timeline table, named author"
/blog/warranty-guide-remodeling,blog,Treasure Valley,Warranty Guide,see 03-keyword-strategy.md cluster mapping,question-form variants of title (see 03-keyword-strategy.md),Informational,8,3,7,8,4,3,8,8,5,4,9,4,6,High,"Thin (121 words): expand to 600+ words or consolidate into its hub pillar; add Boise-specific data, cost/timeline table, named author"
/blog/addition-roi-remodeling,blog,Treasure Valley,Addition ROI,see 03-keyword-strategy.md cluster mapping,question-form variants of title (see 03-keyword-strategy.md),Informational,8,3,7,8,4,3,8,8,5,4,9,4,6,High,"Thin (134 words): expand to 600+ words or consolidate into its hub pillar; add Boise-specific data, cost/timeline table, named author"
/blog/outdoor-living-roi,blog,Treasure Valley,Outdoor Living ROI,see 03-keyword-strategy.md cluster mapping,question-form variants of title (see 03-keyword-strategy.md),Informational,8,3,7,8,4,3,8,8,5,4,9,4,6,High,"Thin (138 words): expand to 600+ words or consolidate into its hub pillar; add Boise-specific data, cost/timeline table, named author"
/blog/exterior-remodeling-roi,blog,Treasure Valley,Exterior Remodeling ROI,see 03-keyword-strategy.md cluster mapping,question-form variants of title (see 03-keyword-strategy.md),Informational,8,3,7,8,4,3,8,8,5,4,9,4,6,High,"Thin (138 words): expand to 600+ words or consolidate into its hub pillar; add Boise-specific data, cost/timeline table, named author"
/blog/energy-efficiency-roi,blog,Treasure Valley,Energy Efficiency ROI,see 03-keyword-strategy.md cluster mapping,question-form variants of title (see 03-keyword-strategy.md),Informational,8,3,7,8,4,3,8,8,5,4,9,4,6,High,"Thin (138 words): expand to 600+ words or consolidate into its hub pillar; add Boise-specific data, cost/timeline table, named author"
/blog/remodeling-before-selling,blog,Treasure Valley,Remodeling Before Selling,see 03-keyword-strategy.md cluster mapping,question-form variants of title (see 03-keyword-strategy.md),Informational,8,3,7,8,4,3,8,8,5,4,9,4,6,High,"Thin (138 words): expand to 600+ words or consolidate into its hub pillar; add Boise-specific data, cost/timeline table, named author"
/blog/remodeling-long-term-living,blog,Treasure Valley,Remodeling for Long-Term Living,see 03-keyword-strategy.md cluster mapping,question-form variants of title (see 03-keyword-strategy.md),Informational,8,3,7,8,4,3,8,8,5,4,9,4,6,High,"Thin (142 words): expand to 600+ words or consolidate into its hub pillar; add Boise-specific data, cost/timeline table, named author"
/blog/outdoor-kitchens-boise,blog,Treasure Valley,Outdoor Kitchens,see 03-keyword-strategy.md cluster mapping,question-form variants of title (see 03-keyword-strategy.md),Informational,8,3,7,8,6,3,8,8,5,4,9,4,6,High,"Thin (130 words): expand to 600+ words or consolidate into its hub pillar; add Boise-specific data, cost/timeline table, named author"
/blog/covered-patios-boise,blog,Treasure Valley,Covered Patios,see 03-keyword-strategy.md cluster mapping,question-form variants of title (see 03-keyword-strategy.md),Informational,8,3,7,8,6,3,8,8,5,4,9,4,6,High,"Thin (130 words): expand to 600+ words or consolidate into its hub pillar; add Boise-specific data, cost/timeline table, named author"
/blog/decks-vs-patios-boise,blog,Treasure Valley,Decks vs Patios,see 03-keyword-strategy.md cluster mapping,question-form variants of title (see 03-keyword-strategy.md),Informational,8,3,7,8,6,3,8,8,5,4,9,4,6,High,"Thin (134 words): expand to 600+ words or consolidate into its hub pillar; add Boise-specific data, cost/timeline table, named author"
/blog/outdoor-fireplaces-boise,blog,Treasure Valley,Outdoor Fireplaces,see 03-keyword-strategy.md cluster mapping,question-form variants of title (see 03-keyword-strategy.md),Informational,8,3,7,8,6,3,8,8,5,4,9,4,6,High,"Thin (130 words): expand to 600+ words or consolidate into its hub pillar; add Boise-specific data, cost/timeline table, named author"
/blog/outdoor-entertaining-spaces,blog,Treasure Valley,Outdoor Entertaining Spaces,see 03-keyword-strategy.md cluster mapping,question-form variants of title (see 03-keyword-strategy.md),Informational,8,3,7,8,4,3,8,8,5,4,9,4,6,High,"Thin (134 words): expand to 600+ words or consolidate into its hub pillar; add Boise-specific data, cost/timeline table, named author"
/blog/luxury-outdoor-living,blog,Treasure Valley,Luxury Outdoor Living,see 03-keyword-strategy.md cluster mapping,question-form variants of title (see 03-keyword-strategy.md),Informational,8,3,7,8,4,3,8,8,5,4,9,4,6,High,"Thin (134 words): expand to 600+ words or consolidate into its hub pillar; add Boise-specific data, cost/timeline table, named author"
/blog/backyard-transformations-boise,blog,Treasure Valley,Backyard Transformations,see 03-keyword-strategy.md cluster mapping,question-form variants of title (see 03-keyword-strategy.md),Informational,8,3,7,8,6,3,8,8,5,4,9,4,6,High,"Thin (130 words): expand to 600+ words or consolidate into its hub pillar; add Boise-specific data, cost/timeline table, named author"
/blog/ada-vs-canyon-county-permit-timelines,blog,Treasure Valley,Ada vs Canyon County Remodel Permits: Timelines Homeowners Should Know,see 03-keyword-strategy.md cluster mapping,question-form variants of title (see 03-keyword-strategy.md),Informational,8,4,7,8,6,3,8,8,5,4,9,4,6,Medium,Expand from 153 to 600+ words with Boise-market specifics and tables; add named author
/blog/how-to-choose-design-build-contractor,blog,Treasure Valley,How to Choose a Design-Build Remodeling Contractor in Boise,see 03-keyword-strategy.md cluster mapping,question-form variants of title (see 03-keyword-strategy.md),Informational,8,4,7,8,6,3,8,8,5,4,9,4,6,Medium,Expand from 185 to 600+ words with Boise-market specifics and tables; add named author
/blog/whole-home-remodel-planning-checklist,blog,Treasure Valley,Whole-Home Remodel Planning Checklist for Treasure Valley Homeowners,see 03-keyword-strategy.md cluster mapping,question-form variants of title (see 03-keyword-strategy.md),Informational,8,4,7,8,6,3,8,8,5,4,9,4,6,Medium,Expand from 166 to 600+ words with Boise-market specifics and tables; add named author
/blog/room-addition-guide-treasure-valley,blog,Treasure Valley,Room Addition Guide: Matching Your Home in the Treasure Valley,see 03-keyword-strategy.md cluster mapping,question-form variants of title (see 03-keyword-strategy.md),Informational,8,4,7,8,6,3,8,8,5,4,9,4,6,Medium,Expand from 177 to 600+ words with Boise-market specifics and tables; add named author
/blog/category/remodeling-costs,hub,Treasure Valley,Boise Remodeling Costs (category hub),category navigation,n/a (navigational hub),Navigational,8,6,7,8,5,3,8,8,5,5,9,4,6,Low,Add 150-word hub intro with local context and links to pillar + top clusters
/blog/category/kitchen-remodeling,hub,Treasure Valley,Kitchen Remodeling (category hub),category navigation,n/a (navigational hub),Navigational,8,6,7,8,5,3,8,8,5,5,9,4,6,Low,Add 150-word hub intro with local context and links to pillar + top clusters
/blog/category/bathroom-remodeling,hub,Treasure Valley,Bathroom Remodeling (category hub),category navigation,n/a (navigational hub),Navigational,8,6,7,8,5,3,8,8,5,5,9,4,6,Low,Add 150-word hub intro with local context and links to pillar + top clusters
/blog/category/home-additions,hub,Treasure Valley,Home Additions (category hub),category navigation,n/a (navigational hub),Navigational,8,6,7,8,5,3,8,8,5,5,9,4,6,Low,Add 150-word hub intro with local context and links to pillar + top clusters
/blog/category/whole-home-remodeling,hub,Treasure Valley,Whole Home Remodeling (category hub),category navigation,n/a (navigational hub),Navigational,8,6,7,8,5,3,8,8,5,5,9,4,6,Low,Add 150-word hub intro with local context and links to pillar + top clusters
/blog/category/contractor-selection,hub,Treasure Valley,Contractor Selection (category hub),category navigation,n/a (navigational hub),Navigational,8,6,7,8,5,3,8,8,5,5,9,4,6,Low,Add 150-word hub intro with local context and links to pillar + top clusters
/blog/category/remodeling-process,hub,Treasure Valley,Remodeling Process (category hub),category navigation,n/a (navigational hub),Navigational,8,6,7,8,5,3,8,8,5,5,9,4,6,Low,Add 150-word hub intro with local context and links to pillar + top clusters
/blog/category/remodeling-roi,hub,Treasure Valley,ROI & Home Value (category hub),category navigation,n/a (navigational hub),Navigational,8,6,7,8,5,3,8,8,5,5,9,4,6,Low,Add 150-word hub intro with local context and links to pillar + top clusters
/blog/category/outdoor-living,hub,Treasure Valley,Outdoor Living (category hub),category navigation,n/a (navigational hub),Navigational,8,6,7,8,5,3,8,8,5,5,9,4,6,Low,Add 150-word hub intro with local context and links to pillar + top clusters
